state,account_length,area_code,international_plan,voice_mail_plan,number_vmail_messages,total_day_minutes,total_day_calls,total_day_charge,total_eve_minutes,total_eve_calls,total_eve_charge,total_night_minutes,total_night_calls,total_night_charge,total_intl_minutes,total_intl_calls,total_intl_charge,number_customer_service_calls,churn
IN,65,area_code_415,no,no,0,129.1,137,21.95,228.5,83,19.42,208.8,111,9.4,12.7,6,3.43,4,yes
NY,161,area_code_415,no,no,0,332.9,67,56.59,317.8,97,27.01,160.6,128,7.23,5.4,9,1.46,4,yes
CO,77,area_code_408,no,no,0,62.4,89,10.61,169.9,121,14.44,209.6,64,9.43,5.7,6,1.54,5,yes
AZ,12,area_code_408,no,no,0,249.6,118,42.43,252.4,119,21.45,280.2,90,12.61,11.8,3,3.19,1,yes
MD,135,area_code_408,yes,yes,41,173.1,85,29.43,203.9,107,17.33,122.2,78,5.5,14.6,15,3.94,0,yes
CO,121,area_code_408,no,yes,30,198.4,129,33.73,75.3,77,6.4,181.2,77,8.15,5.8,3,1.57,3,yes
TX,150,area_code_510,no,no,0,178.9,101,30.41,169.1,110,14.37,148.6,100,6.69,13.8,3,3.73,4,yes
DC,82,area_code_415,no,no,0,300.3,109,51.05,181.0,100,15.39,270.1,73,12.15,11.7,4,3.16,0,yes
NY,144,area_code_408,no,no,0,61.6,117,10.47,77.1,85,6.55,173.0,99,7.79,8.2,7,2.21,4,yes
IN,94,area_code_408,no,no,0,157.9,105,26.84,155.0,101,13.18,189.6,84,8.53,8.0,5,2.16,4,yes
NJ,128,area_code_415,no,no,0,237.9,125,40.44,247.6,93,21.05,208.9,68,9.4,13.9,4,3.75,1,yes
LA,155,area_code_415,no,no,0,203.4,100,34.58,190.9,104,16.23,196.0,119,8.82,8.9,4,2.4,0,yes
MS,120,area_code_408,no,no,0,212.1,131,36.06,209.4,104,17.8,167.2,96,7.52,5.3,5,1.43,1,yes
ID,77,area_code_415,no,no,0,251.8,72,42.81,205.7,126,17.48,275.2,109,12.38,9.8,7,2.65,2,yes
ME,36,area_code_510,yes,yes,42,196.8,89,33.46,254.9,122,21.67,138.3,126,6.22,20.0,6,5.4,0,yes
NV,74,area_code_415,no,no,0,282.5,114,48.03,219.9,48,18.69,170.0,115,7.65,9.4,4,2.54,1,yes
MS,162,area_code_415,no,no,0,70.7,108,12.02,157.5,87,13.39,154.8,82,6.97,9.1,3,2.46,4,yes
MS,61,area_code_510,no,yes,27,187.5,124,31.88,146.6,103,12.46,225.7,129,10.16,6.4,6,1.73,4,yes
VT,117,area_code_408,yes,no,0,167.1,86,28.41,177.5,87,15.09,249.4,132,11.22,14.1,7,3.81,2,yes
OH,83,area_code_415,no,no,0,337.4,120,57.36,227.4,116,19.33,153.9,114,6.93,15.8,7,4.27,0,yes
AK,126,area_code_415,no,no,0,58.2,94,9.89,138.7,118,11.79,136.8,91,6.16,11.9,1,3.21,5,yes
TX,208,area_code_510,no,no,0,326.5,67,55.51,176.3,113,14.99,181.7,102,8.18,10.7,6,2.89,2,yes
ME,131,area_code_510,yes,yes,26,292.9,101,49.79,199.7,97,16.97,255.3,127,11.49,13.8,7,3.73,4,yes
MD,93,area_code_408,yes,no,0,312.0,109,53.04,129.4,100,11.0,217.6,74,9.79,10.5,2,2.84,0,yes
MN,139,area_code_510,no,no,0,134.4,106,22.85,211.3,98,17.96,193.6,125,8.71,10.2,2,2.75,5,yes
NV,137,area_code_415,yes,no,0,135.1,95,22.97,134.1,102,11.4,223.1,81,10.04,12.3,2,3.32,2,yes
OR,33,area_code_415,no,yes,29,157.4,99,26.76,117.9,80,10.02,279.2,79,12.56,13.9,11,3.75,4,yes
KS,92,area_code_408,yes,no,0,62.6,111,10.64,180.6,126,15.35,221.7,80,9.98,10.4,2,2.81,1,yes
SD,144,area_code_408,no,yes,48,189.8,96,32.27,123.4,67,10.49,214.2,106,9.64,6.5,2,1.76,2,yes
OK,89,area_code_510,no,no,0,303.9,95,51.66,260.9,114,22.18,312.1,89,14.04,5.3,3,1.43,1,yes
FL,127,area_code_415,no,no,0,266.6,106,45.32,264.8,168,22.51,207.2,119,9.32,5.9,2,1.59,1,yes
VT,113,area_code_415,no,no,0,272.1,111,46.26,268.5,118,22.82,213.8,105,9.62,8.5,10,2.3,1,yes
IN,122,area_code_408,no,no,0,296.4,99,50.39,214.8,89,18.26,133.9,107,6.03,11.4,3,3.08,4,yes
MN,62,area_code_415,no,no,0,248.7,109,42.28,220.0,118,18.7,265.7,78,11.96,13.2,2,3.56,1,yes
MT,54,area_code_415,no,no,0,272.6,83,46.34,248.7,74,21.14,197.4,111,8.88,9.5,2,2.57,1,yes
AL,86,area_code_415,no,no,0,128.3,121,21.81,197.1,93,16.75,138.4,152,6.23,12.2,5,3.29,7,yes
GA,89,area_code_415,no,no,0,213.0,63,36.21,176.6,71,15.01,262.6,126,11.82,9.1,1,2.46,1,yes
MS,64,area_code_408,yes,no,0,236.2,77,40.15,218.6,85,18.58,194.1,97,8.73,13.2,2,3.56,2,yes
CO,159,area_code_408,yes,no,0,257.1,53,43.71,312.2,127,26.54,183.0,82,8.24,8.8,6,2.38,1,yes
CA,151,area_code_415,yes,no,0,218.0,57,37.06,114.4,88,9.72,269.2,95,12.11,12.4,1,3.35,0,yes
MO,95,area_code_415,yes,no,0,165.5,84,28.14,286.2,112,24.33,198.9,89,8.95,11.5,2,3.11,1,yes
WI,16,area_code_510,no,no,0,229.6,78,39.03,205.7,108,17.48,166.2,91,7.48,10.8,2,2.92,0,yes
DC,66,area_code_415,no,no,0,167.3,91,28.44,230.0,68,19.55,191.7,118,8.63,10.6,5,2.86,1,yes
DE,122,area_code_510,no,no,0,157.1,134,26.71,184.9,122,15.72,197.2,59,8.87,8.5,5,2.3,4,yes
DE,224,area_code_510,yes,no,0,171.5,99,29.16,160.0,103,13.6,212.4,102,9.56,5.0,2,1.35,1,yes
KS,46,area_code_510,no,no,0,250.3,100,42.55,260.6,90,22.15,195.0,104,8.78,13.3,2,3.59,2,yes
OH,100,area_code_510,no,no,0,278.0,76,47.26,176.7,74,15.02,219.5,126,9.88,8.3,4,2.24,0,yes
OH,97,area_code_408,no,no,0,256.4,125,43.59,273.9,100,23.28,222.7,101,10.02,11.1,1,3.0,1,yes
MA,88,area_code_415,no,no,0,264.8,124,45.02,245.4,112,20.86,160.5,115,7.22,14.8,2,4.0,1,yes
NV,71,area_code_415,yes,no,0,178.2,113,30.29,167.8,94,14.26,182.1,111,8.19,13.6,3,3.67,3,yes
FL,132,area_code_510,no,yes,36,226.2,103,38.45,181.6,125,15.44,258.8,102,11.65,10.5,5,2.84,3,yes
WV,72,area_code_510,no,yes,33,96.6,59,16.42,315.4,98,26.81,163.3,117,7.35,6.2,4,1.67,4,yes
AL,55,area_code_415,yes,no,0,191.9,91,32.62,256.1,110,21.77,203.7,101,9.17,14.3,6,3.86,1,yes
ME,92,area_code_415,yes,no,0,130.7,113,22.22,260.6,122,22.15,244.2,98,10.99,9.4,2,2.54,2,yes
ME,75,area_code_408,yes,no,0,211.3,61,35.92,105.6,119,8.98,175.9,63,7.92,9.7,4,2.62,4,yes
MI,93,area_code_415,yes,no,0,216.9,61,36.87,207.4,120,17.63,221.7,110,9.98,17.5,5,4.73,1,yes
MO,92,area_code_415,no,no,0,154.0,122,26.18,329.8,88,28.03,288.0,117,12.96,5.6,2,1.51,3,yes
MS,118,area_code_415,no,yes,26,170.8,114,29.04,199.5,125,16.96,169.7,98,7.64,9.6,5,2.59,5,yes
AL,60,area_code_408,yes,yes,29,265.9,113,45.2,215.8,94,18.34,108.1,82,4.86,14.0,12,3.78,0,yes
SC,88,area_code_510,no,no,0,73.3,86,12.46,161.4,82,13.72,239.6,76,10.78,8.2,3,2.21,4,yes
MN,152,area_code_415,yes,yes,20,237.5,120,40.38,253.4,94,21.54,265.2,80,11.93,14.2,3,3.83,9,yes
WI,69,area_code_510,yes,no,0,279.8,90,47.57,248.7,91,21.14,171.0,118,7.69,8.4,10,2.27,2,yes
VT,95,area_code_510,yes,yes,41,136.8,91,23.26,200.8,61,17.07,133.7,67,6.02,10.3,9,2.78,5,yes
GA,44,area_code_510,no,no,0,288.1,112,48.98,258.0,92,21.93,192.4,90,8.66,10.2,4,2.75,3,yes
MT,74,area_code_408,no,no,0,174.1,96,29.6,251.1,94,21.34,257.6,123,11.59,8.3,5,2.24,2,yes
WV,44,area_code_510,no,no,0,228.1,121,38.78,276.5,79,23.5,279.8,77,12.59,9.9,5,2.67,2,yes
IN,113,area_code_415,no,no,0,209.4,151,35.6,347.3,113,29.52,246.0,116,11.07,7.4,2,2.0,1,yes
SD,104,area_code_510,no,no,0,234.2,128,39.81,293.1,92,24.91,183.9,79,8.28,9.8,6,2.65,0,yes
OK,101,area_code_408,no,no,0,89.7,118,15.25,260.1,79,22.11,170.1,93,7.65,13.5,11,3.65,5,yes
MO,112,area_code_415,no,no,0,335.5,77,57.04,212.5,109,18.06,265.0,132,11.93,12.7,8,3.43,2,yes
NV,105,area_code_415,yes,yes,29,220.7,82,37.52,217.7,110,18.5,190.5,100,8.57,13.2,6,3.56,1,yes
KS,110,area_code_415,yes,no,0,293.3,79,49.86,188.5,90,16.02,266.9,91,12.01,14.5,4,3.92,0,yes
NJ,95,area_code_408,yes,yes,37,220.2,109,37.43,185.3,99,15.75,205.1,82,9.23,4.1,2,1.11,0,yes
MO,79,area_code_408,no,no,0,261.7,97,44.49,210.6,48,17.9,256.7,83,11.55,6.0,3,1.62,3,yes
CA,79,area_code_510,no,no,0,157.6,85,26.79,194.1,92,16.5,231.5,86,10.42,9.4,10,2.54,5,yes
MT,109,area_code_408,no,no,0,264.7,69,45.0,305.0,120,25.93,197.4,86,8.88,9.5,9,2.57,1,yes
TX,75,area_code_415,yes,no,0,222.4,78,37.81,327.0,111,27.8,208.0,104,9.36,8.7,9,2.35,1,yes
WV,115,area_code_510,yes,no,0,249.9,95,42.48,242.5,104,20.61,151.7,121,6.83,15.3,6,4.13,1,yes
UT,103,area_code_510,no,yes,36,87.2,92,14.82,169.3,110,14.39,166.7,80,7.5,10.9,5,2.94,6,yes
WY,94,area_code_510,no,no,0,271.2,105,46.1,202.6,105,17.22,221.6,51,9.97,11.5,3,3.11,3,yes
KY,91,area_code_415,yes,no,0,145.0,89,24.65,175.8,102,14.94,223.7,151,10.07,16.7,3,4.51,2,yes
PA,122,area_code_415,yes,no,0,230.9,132,39.25,243.2,99,20.67,182.4,57,8.21,11.0,2,2.97,0,yes
WI,149,area_code_415,yes,yes,28,126.9,97,21.57,166.9,102,14.19,145.2,77,6.53,8.8,3,2.38,5,yes
MA,127,area_code_408,yes,no,0,176.9,110,30.07,167.9,100,14.27,182.2,138,8.2,7.7,2,2.08,1,yes
NJ,24,area_code_408,no,no,0,265.6,86,45.15,208.8,102,17.75,182.5,105,8.21,11.1,6,3.0,2,yes
NV,69,area_code_510,yes,yes,33,271.5,98,46.16,253.4,102,21.54,165.4,85,7.44,8.2,2,2.21,1,yes
VA,68,area_code_408,yes,no,0,148.5,126,25.25,219.4,125,18.65,198.5,121,8.93,14.5,7,3.92,1,yes
KY,75,area_code_415,no,no,0,314.6,102,53.48,169.8,86,14.43,285.1,100,12.83,5.7,3,1.54,2,yes
CO,121,area_code_408,yes,no,0,167.7,94,28.51,93.7,121,7.96,241.3,115,10.86,13.4,1,3.62,3,yes
SC,87,area_code_408,no,no,0,322.5,106,54.83,204.6,93,17.39,186.2,128,8.38,9.4,4,2.54,2,yes
NE,96,area_code_415,no,no,0,180.6,92,30.7,190.9,114,16.23,295.6,125,13.3,10.3,4,2.78,1,yes
MA,136,area_code_408,yes,no,0,199.6,89,33.93,211.4,96,17.97,72.4,84,3.26,11.0,4,2.97,3,yes
AL,93,area_code_408,no,no,0,267.9,114,45.54,223.0,74,18.96,262.7,90,11.82,11.3,3,3.05,3,yes
LA,109,area_code_415,no,yes,27,166.9,85,28.37,221.2,92,18.8,197.3,97,8.88,12.3,4,3.32,1,yes
ME,97,area_code_510,no,no,0,120.8,96,20.54,169.8,101,14.43,194.1,63,8.73,11.9,3,3.21,4,yes
CT,23,area_code_510,no,no,0,321.6,107,54.67,251.6,115,21.39,141.1,158,6.35,11.3,3,3.05,2,yes
MD,61,area_code_415,no,no,0,260.0,123,44.2,210.5,127,17.89,234.7,70,10.56,9.0,3,2.43,1,yes
WV,161,area_code_415,no,no,0,191.9,113,32.62,70.9,87,6.03,204.8,107,9.22,13.4,4,3.62,4,yes
MO,179,area_code_510,no,no,0,287.3,123,48.84,288.0,114,24.48,266.0,112,11.97,10.5,4,2.84,0,yes
KY,74,area_code_510,yes,no,0,125.8,103,21.39,207.7,96,17.65,207.4,143,9.33,14.1,4,3.81,1,yes
NV,81,area_code_415,no,yes,28,167.9,147,28.54,190.7,105,16.21,193.0,103,8.69,9.2,6,2.48,4,yes
NJ,46,area_code_408,no,no,0,257.4,67,43.76,261.1,91,22.19,204.4,107,9.2,13.4,5,3.62,2,yes
NJ,48,area_code_510,no,yes,22,152.0,63,25.84,258.8,131,22.0,263.2,109,11.84,15.7,5,4.24,2,yes
NM,122,area_code_408,no,yes,33,174.9,103,29.73,248.2,105,21.1,164.6,116,7.41,13.5,3,3.65,1,yes
DE,129,area_code_510,no,no,0,334.3,118,56.83,192.1,104,16.33,191.0,83,8.59,10.4,6,2.81,0,yes
GA,93,area_code_408,no,yes,21,134.2,105,22.81,162.5,128,13.81,186.6,90,8.4,11.8,2,3.19,4,yes
VT,63,area_code_415,no,no,0,278.0,102,47.26,266.4,114,22.64,224.1,118,10.08,13.1,4,3.54,4,yes
NY,64,area_code_415,yes,no,0,346.8,55,58.96,249.5,79,21.21,275.4,102,12.39,13.3,9,3.59,1,yes
KS,110,area_code_415,yes,yes,27,267.9,103,45.54,263.3,74,22.38,178.1,106,8.01,8.3,2,2.24,1,yes
WY,76,area_code_415,no,no,0,263.4,148,44.78,230.3,69,19.58,170.6,101,7.68,11.4,5,3.08,1,yes
UT,161,area_code_510,yes,no,0,194.2,106,33.01,249.4,105,21.2,254.9,129,11.47,12.9,1,3.48,1,yes
VA,99,area_code_415,no,yes,42,216.0,125,36.72,232.3,104,19.75,215.5,100,9.7,9.3,4,2.51,2,yes
CA,112,area_code_415,no,no,0,111.9,92,19.02,114.0,143,9.69,146.8,79,6.61,14.1,3,3.81,5,yes
ME,80,area_code_408,no,no,0,322.3,113,54.79,222.0,95,18.87,162.8,123,7.33,6.7,8,1.81,0,yes
NJ,111,area_code_510,no,no,0,176.9,128,30.07,102.8,56,8.74,213.7,84,9.62,10.5,2,2.84,4,yes
NJ,135,area_code_510,no,yes,28,201.4,100,34.24,246.5,117,20.95,154.8,131,6.97,12.9,4,3.48,2,yes
OH,98,area_code_408,no,no,0,165.0,129,28.05,202.6,113,17.22,172.3,94,7.75,12.5,7,3.38,1,yes
MI,91,area_code_415,no,no,0,154.4,165,26.25,168.3,121,14.31,239.9,81,10.8,11.7,4,3.16,5,yes
NE,159,area_code_415,no,no,0,189.1,105,32.15,246.1,147,20.92,242.0,106,10.89,10.4,5,2.81,1,yes
NV,64,area_code_408,no,no,0,148.1,73,25.18,164.9,101,14.02,216.0,125,9.72,12.3,2,3.32,5,yes
WY,106,area_code_415,yes,yes,26,270.3,111,45.95,215.2,90,18.29,254.0,133,11.43,14.4,7,3.89,1,yes
KS,167,area_code_415,no,no,0,131.6,120,22.37,211.3,96,17.96,168.3,97,7.57,11.1,4,3.0,4,yes
MD,172,area_code_408,no,no,0,287.1,108,48.81,178.4,125,15.16,153.2,98,6.89,14.4,2,3.89,3,yes
MD,88,area_code_415,yes,no,0,235.1,98,39.97,251.8,79,21.4,285.9,76,12.87,7.2,2,1.94,4,yes
NM,119,area_code_415,yes,yes,15,160.0,95,27.2,209.5,110,17.81,82.3,107,3.7,8.7,5,2.35,5,yes
IL,78,area_code_415,yes,no,0,236.8,141,40.26,265.3,101,22.55,152.4,77,6.86,9.5,2,2.57,1,yes
KS,24,area_code_510,no,no,0,243.0,91,41.31,183.9,77,15.63,184.3,109,8.29,15.3,6,4.13,0,yes
TN,108,area_code_510,no,yes,34,162.1,83,27.56,171.8,117,14.6,259.8,76,11.69,9.6,3,2.59,4,yes
MN,62,area_code_510,no,yes,33,186.4,84,31.69,201.0,136,17.09,286.7,103,12.9,11.1,3,3.0,2,yes
MA,40,area_code_408,no,yes,31,224.7,69,38.2,134.5,81,11.43,120.3,104,5.41,7.5,5,2.03,1,yes
MT,28,area_code_415,no,no,0,121.7,48,20.69,125.8,112,10.69,261.6,122,11.77,8.3,2,2.24,6,yes
MI,51,area_code_415,no,no,0,229.7,129,39.05,336.0,104,28.56,192.8,128,8.68,9.6,1,2.59,1,yes
NY,163,area_code_408,no,no,0,247.7,77,42.11,269.5,108,22.91,167.3,82,7.53,9.6,7,2.59,0,yes
NC,58,area_code_510,no,no,0,112.2,95,19.07,209.6,108,17.82,260.9,78,11.74,13.9,1,3.75,0,yes
OR,135,area_code_415,no,no,0,263.8,66,44.85,251.3,116,21.36,200.1,112,9.0,8.4,2,2.27,5,yes
WA,171,area_code_408,no,no,0,270.5,69,45.99,230.0,112,19.55,136.0,111,6.12,9.6,5,2.59,1,yes
TX,82,area_code_415,no,no,0,189.2,81,32.16,184.4,117,15.67,255.8,83,11.51,10.6,5,2.86,3,yes
WA,45,area_code_510,no,no,0,78.6,106,13.36,187.3,110,15.92,184.2,111,8.29,7.4,5,2.0,1,yes
DE,2,area_code_415,yes,no,0,132.1,42,22.46,138.9,88,11.81,192.6,119,8.67,9.1,1,2.46,2,yes
ID,193,area_code_415,no,no,0,96.8,92,16.46,142.6,103,12.12,210.1,115,9.45,10.9,5,2.94,2,yes
KS,126,area_code_408,no,no,0,321.3,99,54.62,167.9,93,14.27,193.6,106,8.71,8.0,4,2.16,1,yes
WY,97,area_code_510,yes,no,0,236.9,107,40.27,157.6,105,13.4,241.0,120,10.85,7.3,2,1.97,0,yes
WA,90,area_code_415,yes,no,0,148.2,96,25.19,220.4,111,18.73,134.2,97,6.04,9.2,1,2.48,4,yes
MA,111,area_code_415,no,no,0,284.4,89,48.35,157.0,113,13.35,242.8,91,10.93,8.4,8,2.27,0,yes
SD,98,area_code_415,no,no,0,0.0,0,0.0,159.6,130,13.57,167.1,88,7.52,6.8,1,1.84,4,yes
PA,106,area_code_408,yes,no,0,133.7,45,22.73,187.8,107,15.96,181.9,89,8.19,10.7,2,2.89,1,yes
WA,55,area_code_408,no,no,0,285.7,124,48.57,230.9,106,19.63,230.7,140,10.38,14.8,7,4.0,0,yes
VT,73,area_code_415,no,no,0,217.8,91,37.03,220.6,97,18.75,277.3,89,12.48,10.3,6,2.78,1,yes
CT,115,area_code_415,no,no,0,245.0,97,41.65,250.7,75,21.31,270.2,124,12.16,13.7,8,3.7,1,yes
SC,108,area_code_415,no,no,0,112.0,105,19.04,193.7,110,16.46,208.9,93,9.4,4.1,4,1.11,4,yes
OH,65,area_code_415,no,no,0,245.7,139,41.77,241.9,113,20.56,285.3,117,12.84,4.2,5,1.13,4,yes
OK,101,area_code_415,no,no,0,269.7,85,45.85,207.6,86,17.65,214.2,107,9.64,4.5,15,1.22,3,yes
MT,125,area_code_510,no,no,0,143.2,80,24.34,88.1,94,7.49,233.2,135,10.49,8.8,7,2.38,4,yes
MS,73,area_code_415,no,yes,31,82.3,105,13.99,256.1,91,21.77,229.6,98,10.33,11.8,2,3.19,6,yes
MI,81,area_code_415,yes,no,0,149.4,68,25.4,171.9,98,14.61,214.5,97,9.65,17.9,3,4.83,3,yes
UT,133,area_code_408,no,yes,44,174.0,80,29.58,209.4,113,17.8,224.1,87,10.08,14.1,7,3.81,2,yes
MD,76,area_code_415,yes,no,0,273.3,66,46.46,263.6,121,22.41,165.2,84,7.43,12.0,7,3.24,1,yes
AR,107,area_code_415,yes,no,0,133.3,106,22.66,182.9,89,15.55,241.1,123,10.85,12.9,2,3.48,3,yes
OH,143,area_code_415,no,no,0,223.3,99,37.96,167.1,128,14.2,203.0,84,9.14,4.5,4,1.22,0,yes
IA,81,area_code_510,no,no,0,261.4,141,44.44,215.7,102,18.33,271.8,96,12.23,8.0,6,2.16,1,yes
DE,138,area_code_510,yes,no,0,46.5,104,7.91,186.0,114,15.81,167.5,95,7.54,9.6,4,2.59,4,yes
CA,103,area_code_415,no,yes,18,149.9,84,25.48,170.9,84,14.53,171.5,112,7.72,11.5,7,3.11,0,yes
WY,127,area_code_510,yes,no,0,242.2,102,41.17,226.1,80,19.22,252.0,96,11.34,13.9,5,3.75,2,yes
WV,113,area_code_415,no,no,0,61.2,111,10.4,92.3,88,7.85,197.4,114,8.88,13.7,3,3.7,5,yes
MI,225,area_code_415,no,no,0,165.4,106,28.12,273.7,109,23.26,210.0,93,9.45,8.7,3,2.35,0,yes
NJ,85,area_code_415,no,no,0,236.9,93,40.27,197.7,113,16.8,309.1,78,13.91,11.4,7,3.08,2,yes
KS,105,area_code_415,yes,no,0,273.9,119,46.56,278.6,103,23.68,255.3,90,11.49,10.9,7,2.94,1,yes
NH,149,area_code_415,no,no,0,119.2,88,20.26,168.3,110,14.31,204.7,119,9.21,12.2,6,3.29,4,yes
AZ,66,area_code_510,no,no,0,154.0,133,26.18,198.9,121,16.91,151.9,100,6.84,9.5,3,2.57,4,yes
MD,116,area_code_408,no,no,0,159.4,79,27.1,179.5,88,15.26,167.8,71,7.55,9.7,2,2.62,6,yes
MN,173,area_code_510,no,no,0,291.8,143,49.61,214.3,134,18.22,151.2,119,6.8,9.9,2,2.67,0,yes
CT,64,area_code_415,yes,no,0,225.3,134,38.3,108.2,87,9.2,139.6,132,6.28,17.3,9,4.67,1,yes
MD,93,area_code_510,yes,no,0,131.4,78,22.34,219.7,106,18.67,155.7,103,7.01,11.1,2,3.0,1,yes
AL,197,area_code_415,yes,no,0,127.3,80,21.64,222.3,115,18.9,173.9,95,7.83,13.7,5,3.7,5,yes
NV,76,area_code_510,yes,no,0,241.0,120,40.97,231.8,96,19.7,220.2,67,9.91,9.9,1,2.67,1,yes
OK,82,area_code_510,no,no,0,329.8,73,56.07,208.3,120,17.71,267.1,102,12.02,10.6,6,2.86,0,yes
OR,95,area_code_415,no,no,0,269.0,120,45.73,233.7,120,19.86,179.3,61,8.07,7.3,4,1.97,2,yes
PA,79,area_code_415,no,no,0,268.3,114,45.61,185.5,111,15.77,264.6,88,11.91,6.3,7,1.7,1,yes
VT,99,area_code_415,no,no,0,115.5,75,19.64,218.1,111,18.54,254.9,98,11.47,11.5,7,3.11,7,yes
MA,34,area_code_415,no,no,0,293.7,89,49.93,272.5,71,23.16,178.2,76,8.02,11.0,10,2.97,2,yes
FL,144,area_code_510,no,no,0,278.5,95,47.35,240.7,90,20.46,120.0,90,5.4,11.6,5,3.13,1,yes
WV,50,area_code_408,no,no,0,131.1,129,22.29,160.5,94,13.64,206.9,88,9.31,5.6,9,1.51,5,yes
MO,76,area_code_510,no,no,0,129.7,84,22.05,177.5,80,15.09,228.9,87,10.3,7.5,3,2.03,5,yes
AZ,109,area_code_415,yes,no,0,268.4,85,45.63,150.6,131,12.8,297.9,84,13.41,9.7,8,2.62,2,yes
NV,115,area_code_415,no,no,0,286.4,125,48.69,205.7,74,17.48,191.4,141,8.61,6.9,6,1.86,1,yes
NJ,80,area_code_415,no,no,0,268.7,120,45.68,301.0,147,25.59,167.0,140,7.52,5.8,1,1.57,2,yes
ME,23,area_code_510,no,no,0,113.1,74,19.23,168.8,95,14.35,262.9,126,11.83,6.9,2,1.86,1,yes
NY,181,area_code_415,yes,no,0,161.3,83,27.42,124.4,83,10.57,262.0,98,11.79,14.1,3,3.81,0,yes
NC,54,area_code_415,yes,no,0,190.5,108,32.39,259.7,108,22.07,141.5,111,6.37,9.7,2,2.62,2,yes
CT,77,area_code_415,no,no,0,245.2,87,41.68,254.1,83,21.6,239.4,91,10.77,7.5,4,2.03,0,yes
NM,111,area_code_415,no,no,0,132.6,125,22.54,221.1,67,18.79,127.9,101,5.76,12.7,2,3.43,4,yes
MN,115,area_code_510,yes,no,0,122.0,110,20.74,220.2,100,18.72,179.7,124,8.09,10.8,2,2.92,2,yes
OR,149,area_code_415,no,no,0,242.5,83,41.23,245.4,97,20.86,219.6,80,9.88,10.0,3,2.7,3,yes
DE,51,area_code_415,yes,no,0,153.6,108,26.11,232.9,85,19.8,214.2,92,9.64,14.1,4,3.81,0,yes
NY,54,area_code_415,no,no,0,286.6,73,48.72,223.2,108,18.97,203.7,107,9.17,11.5,5,3.11,1,yes
CT,125,area_code_415,yes,no,0,187.3,118,31.84,160.7,111,13.66,263.8,112,11.87,9.6,2,2.59,0,yes
NH,117,area_code_510,yes,no,0,54.2,100,9.21,303.2,84,25.77,171.8,84,7.73,8.6,2,2.32,1,yes
WA,97,area_code_408,no,no,0,276.1,82,46.94,201.1,106,17.09,231.3,73,10.41,8.9,4,2.4,0,yes
SC,77,area_code_510,no,yes,28,135.9,117,23.1,244.5,102,20.78,207.5,74,9.34,11.5,3,3.11,4,yes
NC,80,area_code_415,yes,no,0,189.1,122,32.15,223.2,92,18.97,269.0,116,12.11,13.9,3,3.75,2,yes
PA,119,area_code_408,no,no,0,287.1,115,48.81,159.3,99,13.54,216.8,86,9.76,13.9,1,3.75,2,yes
NC,162,area_code_408,no,yes,26,179.7,144,30.55,218.1,129,18.54,212.3,105,9.55,9.3,8,2.51,1,yes
MO,85,area_code_510,no,no,0,165.8,96,28.19,190.0,141,16.15,144.0,116,6.48,10.9,3,2.94,5,yes
NM,107,area_code_415,no,no,0,222.3,101,37.79,286.0,111,24.31,249.4,117,11.22,12.1,4,3.27,1,yes
MA,119,area_code_408,yes,yes,16,147.2,103,25.02,160.1,96,13.61,184.0,120,8.28,7.7,2,2.08,0,yes
OH,133,area_code_408,yes,no,0,254.7,103,43.3,252.2,80,21.44,178.1,103,8.01,8.0,3,2.16,0,yes
MI,146,area_code_408,no,no,0,149.3,83,25.38,187.1,130,15.9,149.8,100,6.74,7.9,4,2.13,7,yes
TX,119,area_code_510,no,no,0,81.9,75,13.92,253.8,114,21.57,213.1,125,9.59,8.9,1,2.4,2,yes
MS,101,area_code_408,no,no,0,239.0,156,40.63,273.0,106,23.21,278.2,93,12.52,13.5,8,3.65,1,yes
CT,56,area_code_415,no,no,0,162.3,99,27.59,149.1,78,12.67,255.5,115,11.5,14.8,1,4.0,4,yes
NE,76,area_code_415,no,no,0,272.7,97,46.36,236.4,95,20.09,235.5,105,10.6,7.7,2,2.08,0,yes
OK,105,area_code_510,yes,yes,28,156.1,89,26.54,107.1,114,9.1,167.7,95,7.55,14.7,3,3.97,0,yes
SD,91,area_code_415,no,no,0,153.0,123,26.01,141.1,127,11.99,171.5,76,7.72,10.3,15,2.78,1,yes
WI,147,area_code_415,yes,no,0,225.2,111,38.28,184.9,98,15.72,143.2,146,6.44,9.9,1,2.67,0,yes
IN,68,area_code_510,no,no,0,249.9,127,42.48,254.5,118,21.63,273.2,98,12.29,8.9,6,2.4,2,yes
VT,159,area_code_415,no,no,0,275.8,103,46.89,189.5,108,16.11,223.9,93,10.08,7.4,5,2.0,2,yes
NJ,93,area_code_510,yes,yes,38,225.7,117,38.37,119.6,122,10.17,193.2,125,8.69,14.0,7,3.78,1,yes
WA,174,area_code_408,no,yes,33,167.8,91,28.53,205.3,91,17.45,130.0,132,5.85,14.5,4,3.92,4,yes
NH,103,area_code_408,no,no,0,150.6,125,25.6,169.1,126,14.37,221.2,104,9.95,10.4,8,2.81,8,yes
WA,100,area_code_408,no,no,0,70.8,94,12.04,215.6,102,18.33,230.8,125,10.39,9.5,1,2.57,6,yes
PA,119,area_code_408,no,no,0,260.1,101,44.22,256.5,68,21.8,229.1,89,10.31,10.0,2,2.7,1,yes
HI,105,area_code_415,no,no,0,281.3,124,47.82,301.5,96,25.63,202.8,109,9.13,8.7,3,2.35,0,yes
MD,108,area_code_415,yes,yes,42,130.1,90,22.12,167.0,128,14.2,244.7,80,11.01,13.6,5,3.67,3,yes
AZ,113,area_code_510,no,no,0,128.7,100,21.88,227.1,67,19.3,178.1,135,8.01,9.2,4,2.48,2,yes
TX,52,area_code_415,no,no,0,155.0,110,26.35,133.4,104,11.34,176.1,84,7.92,7.0,4,1.89,4,yes
ND,71,area_code_510,no,no,0,238.0,82,40.46,278.5,94,23.67,193.1,134,8.69,11.8,10,3.19,0,yes
NY,139,area_code_510,no,no,0,236.6,109,40.22,169.9,107,14.44,212.3,118,9.55,11.1,2,3.0,1,yes
KY,113,area_code_408,no,yes,20,157.8,83,26.83,161.5,56,13.73,271.5,100,12.22,8.7,2,2.35,5,yes
SC,49,area_code_415,yes,no,0,237.8,92,40.43,208.9,119,17.76,167.8,86,7.55,15.6,6,4.21,2,yes
RI,106,area_code_510,yes,no,0,204.0,84,34.68,168.5,61,14.32,164.0,102,7.38,13.3,3,3.59,3,yes
TN,112,area_code_415,no,no,0,272.5,119,46.33,226.1,94,19.22,159.1,94,7.16,16.4,5,4.43,3,yes
TX,73,area_code_408,no,no,0,286.4,109,48.69,178.2,67,15.15,214.2,152,9.64,10.7,14,2.89,1,yes
SD,93,area_code_510,no,no,0,328.1,106,55.78,151.7,89,12.89,303.5,114,13.66,8.7,3,2.35,1,yes
OK,154,area_code_415,yes,no,0,145.9,69,24.8,208.2,141,17.7,180.9,106,8.14,14.4,10,3.89,0,yes
NJ,162,area_code_408,no,no,0,217.6,87,36.99,279.0,71,23.72,250.7,65,11.28,10.4,4,2.81,2,yes
TX,136,area_code_408,no,no,0,269.8,106,45.87,228.8,101,19.45,257.5,106,11.59,10.1,8,2.73,1,yes
KS,94,area_code_408,no,no,0,269.2,104,45.76,193.8,144,16.47,257.6,61,11.59,8.9,2,2.4,3,yes
OR,53,area_code_408,no,no,0,261.2,119,44.4,250.8,105,21.32,176.0,112,7.92,9.8,2,2.65,0,yes
NH,95,area_code_408,yes,no,0,228.9,134,38.91,255.7,71,21.73,208.0,120,9.36,10.1,2,2.73,4,yes
MA,71,area_code_510,no,no,0,290.4,108,49.37,253.9,92,21.58,263.3,126,11.85,10.1,5,2.73,3,yes
NH,74,area_code_408,no,no,0,298.1,112,50.68,201.3,100,17.11,214.7,88,9.66,9.7,4,2.62,2,yes
GA,128,area_code_408,yes,yes,18,222.1,89,37.76,160.6,109,13.65,218.8,102,9.85,13.6,2,3.67,0,yes
MN,123,area_code_408,no,no,0,236.2,135,40.15,273.9,88,23.28,227.0,77,10.22,10.1,6,2.73,2,yes
LA,150,area_code_415,no,no,0,136.6,112,23.22,209.4,81,17.8,161.1,78,7.25,12.2,2,3.29,4,yes
NJ,60,area_code_408,no,no,0,289.8,101,49.27,255.6,115,21.73,242.8,76,10.93,11.7,4,3.16,2,yes
TX,37,area_code_510,yes,no,0,172.9,119,29.39,183.0,86,15.56,226.4,100,10.19,9.8,1,2.65,0,yes
CA,111,area_code_408,no,no,0,249.8,109,42.47,242.4,106,20.6,231.8,78,10.43,11.6,4,3.13,0,yes
VA,92,area_code_510,yes,no,0,252.3,120,42.89,207.0,112,17.6,284.6,95,12.81,12.0,5,3.24,3,yes
MT,100,area_code_415,no,no,0,96.5,86,16.41,210.2,133,17.87,146.4,106,6.59,12.5,3,3.38,1,yes
NE,126,area_code_415,no,no,0,249.8,96,42.47,261.9,92,22.26,166.8,108,7.51,12.7,4,3.43,3,yes
SC,212,area_code_415,no,no,0,226.0,127,38.42,304.6,83,25.89,181.2,132,8.15,12.6,4,3.4,2,yes
AL,172,area_code_408,no,no,0,270.0,102,45.9,256.6,111,21.81,168.5,104,7.58,12.0,5,3.24,2,yes
FL,166,area_code_510,yes,no,0,47.7,89,8.11,264.4,95,22.47,235.2,97,10.58,13.2,3,3.56,0,yes
NV,94,area_code_408,yes,no,0,89.5,94,15.22,339.9,106,28.89,172.9,76,7.78,7.9,1,2.13,1,yes
NC,115,area_code_510,yes,no,0,251.3,69,42.72,252.5,96,21.46,118.3,112,5.32,9.9,1,2.67,3,yes
NM,41,area_code_415,no,no,0,232.1,74,39.46,327.1,88,27.8,226.5,119,10.19,10.9,2,2.94,3,yes
WA,167,area_code_415,no,no,0,169.2,124,28.76,173.3,108,14.73,216.5,64,9.74,12.4,4,3.35,4,yes
PA,97,area_code_510,yes,no,0,145.0,103,24.65,294.3,93,25.02,239.8,120,10.79,11.0,2,2.97,4,yes
UT,71,area_code_415,no,no,0,278.9,110,47.41,190.2,67,16.17,255.2,84,11.48,11.7,7,3.16,0,yes
TX,98,area_code_415,no,no,0,217.2,121,36.92,303.4,73,25.79,197.1,71,8.87,12.4,2,3.35,0,yes
MI,116,area_code_408,no,no,0,133.3,94,22.66,247.8,126,21.06,219.0,78,9.86,11.3,5,3.05,5,yes
NV,88,area_code_415,no,no,0,166.7,61,28.34,179.3,88,15.24,242.7,131,10.92,6.8,7,1.84,4,yes
NE,61,area_code_408,no,no,0,267.1,104,45.41,180.4,131,15.33,230.6,106,10.38,17.3,4,4.67,1,yes
TN,80,area_code_415,yes,no,0,276.5,122,47.01,195.6,79,16.63,210.3,78,9.46,7.2,3,1.94,1,yes
MS,29,area_code_510,no,no,0,313.2,103,53.24,216.3,151,18.39,218.4,106,9.83,12.8,4,3.46,2,yes
AR,98,area_code_415,no,no,0,227.1,116,38.61,120.5,103,10.24,117.0,102,5.27,4.7,4,1.27,5,yes
NV,113,area_code_510,no,no,0,245.3,108,41.7,259.9,140,22.09,204.3,115,9.19,10.7,2,2.89,3,yes
LA,124,area_code_510,no,no,0,143.3,120,24.36,230.7,111,19.61,214.3,91,9.64,7.8,2,2.11,4,yes
UT,110,area_code_415,no,no,0,271.1,108,46.09,237.0,122,20.15,239.9,122,10.8,9.8,5,2.65,2,yes
NY,82,area_code_415,no,no,0,167.1,77,28.41,131.8,79,11.2,187.4,98,8.43,9.4,1,2.54,6,yes
MN,124,area_code_510,yes,no,0,157.8,71,26.83,203.2,114,17.27,168.7,82,7.59,10.0,2,2.7,3,yes
TN,120,area_code_408,yes,no,0,179.9,72,30.58,170.0,98,14.45,190.6,89,8.58,13.8,2,3.73,1,yes
IL,68,area_code_415,yes,yes,29,195.5,113,33.24,171.6,96,14.59,204.0,85,9.18,13.5,9,3.65,1,yes
MT,102,area_code_408,no,no,0,273.2,85,46.44,211.1,82,17.94,203.7,129,9.17,13.1,7,3.54,2,yes
FL,105,area_code_415,no,no,0,273.8,97,46.55,289.7,106,24.62,269.1,126,12.11,5.8,3,1.57,2,yes
NV,42,area_code_415,no,no,0,303.9,106,51.66,232.2,54,19.74,147.1,76,6.62,5.8,3,1.57,1,yes
NJ,53,area_code_408,no,no,0,228.6,117,38.86,132.8,123,11.29,227.2,124,10.22,10.1,2,2.73,9,yes
CT,120,area_code_408,yes,no,0,202.0,123,34.34,184.3,78,15.67,176.0,89,7.92,7.4,2,2.0,2,yes
MI,108,area_code_408,no,yes,32,209.5,108,35.62,109.6,64,9.32,189.7,145,8.54,9.1,6,2.46,6,yes
NY,126,area_code_415,yes,no,0,239.7,87,40.75,281.7,92,23.94,183.5,113,8.26,11.4,1,3.08,1,yes
NY,77,area_code_415,no,yes,33,143.0,101,24.31,212.2,102,18.04,104.9,120,4.72,15.3,4,4.13,5,yes
ID,92,area_code_415,no,yes,29,201.3,130,34.22,203.7,115,17.31,129.9,113,5.85,6.4,6,1.73,1,yes
TX,139,area_code_510,yes,yes,31,203.5,82,34.6,200.3,72,17.03,214.0,112,9.63,13.4,6,3.62,1,yes
WI,89,area_code_415,no,no,0,326.3,112,55.47,165.1,110,14.03,162.9,97,7.33,7.5,1,2.03,1,yes
DC,114,area_code_415,no,no,0,147.1,119,25.01,161.0,111,13.69,275.9,106,12.42,9.0,3,2.43,5,yes
CO,132,area_code_415,no,no,0,197.8,66,33.63,133.9,119,11.38,177.3,94,7.98,10.9,3,2.94,4,yes
MN,40,area_code_510,no,no,0,81.7,123,13.89,210.2,108,17.87,212.0,64,9.54,11.3,3,3.05,6,yes
PA,75,area_code_510,no,no,0,109.0,88,18.53,259.3,120,22.04,182.1,119,8.19,13.3,3,3.59,4,yes
CA,105,area_code_415,no,yes,31,109.6,108,18.63,249.3,119,21.19,321.2,101,14.45,8.3,4,2.24,4,yes
IN,129,area_code_415,no,no,0,137.8,120,23.43,225.8,110,19.19,145.2,95,6.53,10.2,6,2.75,1,yes
RI,143,area_code_408,no,no,0,167.8,72,28.53,211.0,99,17.94,153.5,109,6.91,10.5,6,2.84,4,yes
KY,21,area_code_415,no,no,0,92.6,95,15.74,161.9,70,13.76,285.0,78,12.83,11.3,3,3.05,5,yes
MD,111,area_code_510,no,no,0,123.1,88,20.93,213.9,84,18.18,184.9,88,8.32,12.0,2,3.24,5,yes
NJ,57,area_code_510,yes,no,0,115.0,65,19.55,122.3,96,10.4,245.0,75,11.03,6.4,1,1.73,0,yes
CO,92,area_code_415,no,no,0,184.7,60,31.4,262.0,73,22.27,239.5,120,10.78,12.3,6,3.32,2,yes
RI,125,area_code_408,no,no,0,113.0,108,19.21,169.2,107,14.38,156.6,61,7.05,9.2,5,2.48,2,yes
CT,119,area_code_408,no,no,0,294.2,100,50.01,232.5,53,19.76,195.0,64,8.78,9.0,1,2.43,0,yes
OR,138,area_code_415,yes,yes,28,211.2,117,35.9,312.5,98,26.56,178.0,118,8.01,10.7,2,2.89,3,yes
SC,19,area_code_510,no,no,0,259.4,116,44.1,269.7,109,22.92,175.3,130,7.89,9.5,3,2.57,1,yes
KY,58,area_code_415,no,no,0,247.2,116,42.02,303.7,103,25.81,105.4,94,4.74,9.3,2,2.51,2,yes
MN,152,area_code_415,no,no,0,317.8,60,54.03,152.9,100,13.0,123.4,63,5.55,10.4,7,2.81,1,yes
WV,124,area_code_415,no,no,0,312.0,112,53.04,180.0,109,15.3,168.6,94,7.59,12.8,4,3.46,1,yes
MS,131,area_code_415,no,no,0,131.6,95,22.37,179.3,109,15.24,251.2,129,11.3,15.5,3,4.19,1,yes
ND,122,area_code_408,no,no,0,231.2,141,39.3,267.8,136,22.76,240.3,100,10.81,8.8,5,2.38,1,yes
OH,115,area_code_510,yes,no,0,345.3,81,58.7,203.4,106,17.29,217.5,107,9.79,11.8,8,3.19,1,yes
AL,25,area_code_408,no,no,0,264.9,80,45.03,281.2,66,23.9,166.1,80,7.47,8.4,4,2.27,1,yes
DE,97,area_code_510,no,no,0,225.1,90,38.27,279.5,127,23.76,233.8,103,10.52,8.8,4,2.38,0,yes
OK,86,area_code_510,yes,no,0,162.4,131,27.61,167.0,102,14.2,128.9,118,5.8,11.4,2,3.08,2,yes
NH,125,area_code_415,yes,no,0,298.4,78,50.73,270.5,142,22.99,107.3,84,4.83,12.2,2,3.29,0,yes
MI,105,area_code_415,no,no,0,226.9,106,38.57,182.2,77,15.49,203.9,107,9.18,11.6,2,3.13,0,yes
SC,116,area_code_408,no,no,0,288.0,120,48.96,255.8,90,21.74,233.4,99,10.5,13.4,4,3.62,0,yes
NJ,88,area_code_415,no,no,0,301.5,136,51.26,257.7,72,21.9,132.9,118,5.98,13.4,2,3.62,4,yes
VA,50,area_code_415,yes,no,0,99.6,108,16.93,308.7,102,26.24,161.2,62,7.25,13.7,6,3.7,2,yes
NM,188,area_code_415,yes,yes,26,198.8,115,33.8,166.6,67,14.16,198.5,118,8.93,14.4,3,3.89,1,yes
RI,103,area_code_510,yes,no,0,255.9,128,43.5,140.9,92,11.98,308.9,130,13.9,12.1,2,3.27,1,yes
MS,65,area_code_415,yes,no,0,277.9,123,47.24,155.8,112,13.24,256.9,71,11.56,9.2,10,2.48,0,yes
IA,44,area_code_415,no,no,0,308.6,139,52.46,150.8,94,12.82,198.7,66,8.94,7.3,3,1.97,4,yes
SC,121,area_code_415,no,no,0,144.8,126,24.62,200.6,82,17.05,208.8,81,9.4,13.3,9,3.59,0,yes
MN,125,area_code_415,yes,yes,29,260.8,81,44.34,163.7,112,13.91,271.7,117,12.23,17.0,6,4.59,1,yes
MN,125,area_code_415,no,no,0,240.7,82,40.92,269.4,85,22.9,187.1,74,8.42,10.1,3,2.73,0,yes
SC,209,area_code_510,no,no,0,255.1,124,43.37,230.6,110,19.6,218.0,69,9.81,8.5,5,2.3,3,yes
WV,63,area_code_510,no,no,0,261.8,69,44.51,245.0,135,20.83,202.1,94,9.09,14.7,4,3.97,0,yes
NJ,182,area_code_415,no,no,0,279.1,124,47.45,180.5,108,15.34,217.5,104,9.79,9.5,11,2.57,2,yes
NJ,127,area_code_510,no,no,0,245.2,91,41.68,217.2,92,18.46,243.1,128,10.94,13.9,6,3.75,0,yes
PA,61,area_code_408,no,yes,40,105.0,78,17.85,180.6,100,15.35,174.1,115,7.83,10.2,2,2.75,2,yes
MD,147,area_code_408,no,no,0,274.0,92,46.58,231.8,82,19.7,283.6,83,12.76,6.2,1,1.67,0,yes
IL,137,area_code_408,yes,no,0,237.3,103,40.34,176.7,84,15.02,263.4,81,11.85,14.2,4,3.83,0,yes
WI,161,area_code_408,no,no,0,154.7,84,26.3,177.8,125,15.11,172.9,90,7.78,5.9,2,1.59,4,yes
NJ,134,area_code_510,no,yes,34,247.2,105,42.02,225.5,133,19.17,186.3,76,8.38,6.1,5,1.65,2,yes
MD,119,area_code_408,no,no,0,239.1,88,40.65,243.5,79,20.7,230.9,92,10.39,10.9,3,2.94,3,yes
MN,38,area_code_510,no,no,0,175.7,109,29.87,211.8,97,18.0,137.9,109,6.21,9.2,3,2.48,5,yes
AR,109,area_code_415,no,yes,29,111.2,90,18.9,263.5,98,22.4,224.7,128,10.11,9.0,6,2.43,6,yes
SD,52,area_code_510,yes,no,0,251.4,118,42.74,196.6,80,16.71,192.0,53,8.64,11.0,2,2.97,0,yes
ID,130,area_code_415,no,no,0,263.7,113,44.83,186.5,103,15.85,195.3,99,8.79,18.3,6,4.94,1,yes
WY,159,area_code_415,no,no,0,167.4,68,28.46,143.8,74,12.22,140.1,111,6.3,10.3,3,2.78,0,yes
OR,81,area_code_415,no,no,0,324.7,48,55.2,236.4,82,20.09,187.6,78,8.44,13.1,5,3.54,0,yes
AL,89,area_code_510,no,no,0,129.2,71,21.96,214.1,68,18.2,214.9,100,9.67,10.3,4,2.78,5,yes
MS,123,area_code_415,yes,no,0,125.5,106,21.34,128.9,96,10.96,251.9,129,11.34,6.3,6,1.7,4,yes
SC,112,area_code_415,no,no,0,266.0,97,45.22,214.6,94,18.24,306.2,100,13.78,14.2,2,3.83,2,yes
MA,17,area_code_415,yes,no,0,162.8,118,27.68,229.6,91,19.52,332.7,94,14.97,13.6,3,3.67,0,yes
WY,134,area_code_510,no,no,0,296.0,93,50.32,226.4,117,19.24,246.8,98,11.11,12.3,10,3.32,0,yes
MI,178,area_code_408,yes,no,0,124.5,134,21.17,141.2,78,12.0,268.2,113,12.07,11.4,2,3.08,2,yes
UT,170,area_code_415,no,no,0,285.7,44,48.57,167.5,144,14.24,260.0,97,11.7,8.7,4,2.35,1,yes
CT,93,area_code_415,no,no,0,271.1,101,46.09,237.4,133,20.18,145.4,103,6.54,8.4,6,2.27,1,yes
MS,78,area_code_408,no,no,0,108.6,108,18.46,209.9,126,17.84,222.6,117,10.02,7.9,5,2.13,1,yes
NV,148,area_code_415,no,no,0,279.3,104,47.48,201.6,87,17.14,280.8,99,12.64,7.9,2,2.13,2,yes
WA,96,area_code_415,no,no,0,276.9,105,47.07,246.9,94,20.99,254.4,107,11.45,10.3,3,2.78,1,yes
IN,72,area_code_510,no,no,0,287.4,116,48.86,235.3,126,20.0,292.1,114,13.14,5.0,3,1.35,4,yes
DC,24,area_code_408,no,no,0,149.0,73,25.33,131.0,81,11.14,238.6,69,10.74,8.6,3,2.32,2,yes
OK,44,area_code_408,no,no,0,288.8,86,49.1,175.9,87,14.95,215.4,106,9.69,9.5,2,2.57,0,yes
GA,117,area_code_415,yes,no,0,287.4,118,48.86,259.6,84,22.07,153.2,86,6.89,10.0,3,2.7,1,yes
ND,145,area_code_415,no,no,0,245.8,116,41.79,286.7,91,24.37,240.7,115,10.83,9.0,13,2.43,1,yes
WY,123,area_code_415,no,no,0,242.2,87,41.17,226.1,101,19.22,268.6,121,12.09,8.2,3,2.21,5,yes
KY,98,area_code_415,no,yes,36,168.0,81,28.56,163.2,125,13.87,172.7,120,7.77,8.0,2,2.16,6,yes
OR,99,area_code_408,no,no,0,256.4,44,43.59,214.5,105,18.23,233.7,75,10.52,7.9,1,2.13,3,yes
CT,160,area_code_415,no,no,0,234.9,136,39.93,270.8,134,23.02,219.3,101,9.87,13.9,2,3.75,1,yes
MI,148,area_code_415,yes,no,0,233.5,81,39.7,187.7,71,15.95,122.3,97,5.5,9.6,2,2.59,0,yes
MT,147,area_code_415,no,yes,35,197.3,134,33.54,141.1,99,11.99,212.1,90,9.54,10.1,4,2.73,2,yes
HI,99,area_code_408,no,no,0,135.7,107,23.07,208.4,103,17.71,209.0,95,9.4,8.8,3,2.38,7,yes
KS,84,area_code_415,no,no,0,225.9,86,38.4,275.6,105,23.43,201.4,108,9.06,14.3,3,3.86,3,yes
NY,131,area_code_408,yes,no,0,122.3,83,20.79,118.8,94,10.1,147.9,95,6.66,13.7,3,3.7,3,yes
MI,108,area_code_408,yes,no,0,115.1,114,19.57,211.3,70,17.96,136.1,85,6.12,13.8,3,3.73,2,yes
VT,128,area_code_408,no,no,0,227.9,130,38.74,302.6,71,25.72,191.5,82,8.62,5.5,7,1.49,1,yes
WA,177,area_code_415,no,no,0,266.1,91,45.24,225.2,79,19.14,224.7,58,10.11,8.9,8,2.4,3,yes
TX,169,area_code_408,no,no,0,266.7,105,45.34,158.2,88,13.45,287.7,111,12.95,13.8,3,3.73,3,yes
MT,103,area_code_510,no,yes,35,110.5,101,18.79,208.3,81,17.71,87.4,77,3.93,13.9,2,3.75,4,yes
ME,88,area_code_415,no,no,0,85.7,112,14.57,221.6,70,18.84,190.6,75,8.58,11.6,3,3.13,4,yes
MN,57,area_code_415,no,no,0,272.7,74,46.36,224.9,85,19.12,178.2,104,8.02,10.5,3,2.84,2,yes
SC,101,area_code_415,no,no,0,158.4,92,26.93,188.0,117,15.98,219.7,125,9.89,13.5,4,3.65,4,yes
CO,130,area_code_408,no,no,0,271.8,129,46.21,237.2,128,20.16,210.1,91,9.45,8.7,2,2.35,4,yes
MD,154,area_code_510,no,no,0,154.5,122,26.27,214.2,71,18.21,178.0,105,8.01,12.0,2,3.24,3,yes
TX,75,area_code_415,no,no,0,305.1,106,51.87,188.0,115,15.98,235.4,116,10.59,8.5,5,2.3,0,yes
WV,88,area_code_510,no,no,0,131.5,99,22.36,174.8,128,14.86,184.2,83,8.29,7.9,2,2.13,5,yes
SD,27,area_code_510,no,no,0,226.3,95,38.47,274.3,109,23.32,242.7,119,10.92,8.2,3,2.21,2,yes
AR,115,area_code_415,no,no,0,139.3,89,23.68,192.3,95,16.35,151.0,75,6.8,9.3,3,2.51,7,yes
HI,108,area_code_415,no,no,0,291.6,99,49.57,221.1,93,18.79,229.2,110,10.31,14.0,9,3.78,2,yes
IA,40,area_code_510,no,no,0,169.7,115,28.85,141.4,123,12.02,253.0,115,11.39,10.5,3,2.84,4,yes
MT,100,area_code_415,no,no,0,113.3,96,19.26,197.9,89,16.82,284.5,93,12.8,11.7,2,3.16,4,yes
NC,161,area_code_415,no,no,0,322.3,100,54.79,230.4,135,19.58,241.5,104,10.87,7.8,5,2.11,2,yes
NH,35,area_code_408,no,no,0,138.1,115,23.48,158.2,82,13.45,215.7,118,9.71,10.3,2,2.78,5,yes
WA,60,area_code_415,yes,no,0,205.9,97,35.0,277.4,117,23.58,202.0,139,9.09,11.0,2,2.97,0,yes
ME,56,area_code_408,no,no,0,221.9,112,37.72,278.2,122,23.65,288.1,85,12.96,7.1,5,1.92,0,yes
AR,127,area_code_415,yes,no,0,143.2,60,24.34,179.5,159,15.26,171.8,122,7.73,6.2,4,1.67,4,yes
TX,201,area_code_415,no,no,0,225.9,110,38.4,299.1,86,25.42,251.3,81,11.31,11.2,4,3.02,1,yes
ID,78,area_code_415,no,no,0,103.5,115,17.6,117.9,102,10.02,201.0,94,9.05,12.0,3,3.24,4,yes
WA,76,area_code_510,yes,no,0,246.8,110,41.96,206.3,63,17.54,208.4,123,9.38,13.2,5,3.56,0,yes
ID,103,area_code_415,no,no,0,174.7,151,29.7,148.0,56,12.58,168.2,109,7.57,15.8,3,4.27,6,yes
CT,87,area_code_415,no,no,0,240.0,83,40.8,134.1,106,11.4,189.1,84,8.51,9.3,2,2.51,0,yes
MS,111,area_code_408,no,no,0,294.7,90,50.1,294.6,72,25.04,260.1,121,11.7,10.8,3,2.92,1,yes
IN,115,area_code_415,no,no,0,226.4,101,38.49,276.8,60,23.53,213.4,82,9.6,12.3,4,3.32,3,yes
ME,100,area_code_510,no,no,0,264.5,117,44.97,194.0,111,16.49,262.7,111,11.82,7.5,4,2.03,2,yes
WA,121,area_code_510,no,no,0,255.1,93,43.37,266.9,97,22.69,197.7,118,8.9,8.8,3,2.38,3,yes
AK,177,area_code_415,yes,no,0,248.7,118,42.28,172.3,73,14.65,191.9,87,8.64,11.3,2,3.05,1,yes
AR,113,area_code_415,yes,no,0,122.2,112,20.77,131.7,94,11.19,169.5,106,7.63,10.3,9,2.78,5,yes
NC,77,area_code_408,yes,yes,44,103.2,117,17.54,236.3,86,20.09,203.5,101,9.16,11.9,2,3.21,0,yes
OK,146,area_code_510,no,no,0,138.4,104,23.53,158.9,122,13.51,47.4,73,2.13,3.9,9,1.05,4,yes
RI,138,area_code_510,yes,no,0,286.2,61,48.65,187.2,60,15.91,146.2,114,6.58,11.0,4,2.97,2,yes
ID,82,area_code_415,no,no,0,266.9,83,45.37,229.7,74,19.52,251.7,99,11.33,11.0,6,2.97,3,yes
MD,133,area_code_510,no,no,0,295.0,141,50.15,223.6,101,19.01,229.4,109,10.32,12.9,4,3.48,2,yes
AR,76,area_code_408,no,no,0,107.3,140,18.24,238.2,133,20.25,271.8,116,12.23,10.0,3,2.7,4,yes
KS,170,area_code_415,no,yes,42,199.5,119,33.92,135.0,90,11.48,184.6,49,8.31,10.9,3,2.94,4,yes
MI,119,area_code_510,yes,yes,22,172.1,119,29.26,223.6,133,19.01,150.0,94,6.75,13.9,20,3.75,1,yes
CA,84,area_code_415,no,no,0,280.0,113,47.6,202.2,90,17.19,156.8,103,7.06,10.4,4,2.81,0,yes
IL,71,area_code_510,yes,no,0,186.1,114,31.64,198.6,140,16.88,206.5,80,9.29,13.8,5,3.73,4,yes
GA,122,area_code_510,yes,no,0,140.0,101,23.8,196.4,77,16.69,120.1,133,5.4,9.7,4,2.62,4,yes
MD,62,area_code_408,no,no,0,321.1,105,54.59,265.5,122,22.57,180.5,72,8.12,11.5,2,3.11,4,yes
IN,117,area_code_415,no,no,0,118.4,126,20.13,249.3,97,21.19,227.0,56,10.22,13.6,3,3.67,5,yes
CA,73,area_code_415,no,no,0,137.6,113,23.39,179.7,75,15.27,172.8,71,7.78,10.7,2,2.89,1,yes
CA,125,area_code_510,yes,no,0,158.7,112,26.98,155.7,126,13.23,246.0,110,11.07,8.3,1,2.24,2,yes
OR,194,area_code_415,no,no,0,258.3,76,43.91,306.0,88,26.01,241.8,106,10.88,13.6,4,3.67,1,yes
SD,98,area_code_415,no,no,0,307.2,65,52.22,138.6,97,11.78,381.6,99,17.17,10.2,4,2.75,2,yes
MI,61,area_code_408,no,no,0,208.4,102,35.43,326.1,96,27.72,201.9,73,9.09,10.1,8,2.73,1,yes
NV,111,area_code_415,no,no,0,304.6,56,51.78,157.6,101,13.4,188.2,116,8.47,12.4,1,3.35,1,yes
WV,64,area_code_415,no,no,0,160.6,110,27.3,171.9,97,14.61,105.2,56,4.73,7.3,2,1.97,0,yes
SD,137,area_code_415,no,no,0,144.5,119,24.57,167.3,89,14.22,175.1,76,7.88,6.1,4,1.65,5,yes
DE,120,area_code_415,no,no,0,253.2,95,43.04,210.8,86,17.92,253.9,81,11.43,9.5,4,2.57,5,yes
WV,43,area_code_408,yes,no,0,160.5,92,27.29,235.8,121,20.04,111.8,95,5.03,13.8,5,3.73,1,yes
TN,110,area_code_510,no,no,0,220.9,100,37.55,279.6,76,23.77,239.8,107,10.79,13.5,9,3.65,1,yes
UT,133,area_code_510,no,no,0,338.4,86,57.53,234.6,97,19.94,264.8,139,11.92,14.8,4,4.0,3,yes
DE,109,area_code_415,yes,yes,36,244.2,147,41.51,199.7,65,16.97,144.4,109,6.5,15.4,3,4.16,2,yes
ME,73,area_code_408,no,no,0,272.4,112,46.31,252.2,91,21.44,255.4,112,11.49,10.9,5,2.94,1,yes
LA,96,area_code_510,no,no,0,182.6,75,31.04,188.6,67,16.03,137.7,81,6.2,9.5,3,2.57,5,yes
UT,89,area_code_408,no,no,0,144.2,74,24.51,164.7,119,14.0,279.2,121,12.56,12.1,7,3.27,4,yes
SC,40,area_code_415,no,no,0,309.4,86,52.6,271.3,98,23.06,197.1,116,8.87,11.2,5,3.02,3,yes
WV,161,area_code_415,no,no,0,159.6,102,27.13,212.6,119,18.07,151.4,83,6.81,12.6,7,3.4,5,yes
WV,69,area_code_415,yes,no,0,176.8,89,30.06,196.0,89,16.66,232.6,151,10.47,13.1,5,3.54,1,yes
TX,104,area_code_415,no,no,0,261.2,81,44.4,209.1,130,17.77,281.1,121,12.65,11.3,1,3.05,2,yes
ME,79,area_code_510,yes,no,0,300.4,113,51.07,210.8,93,17.92,173.4,121,7.8,11.9,3,3.21,2,yes
MA,117,area_code_408,no,no,0,302.6,83,51.44,167.1,106,14.2,209.8,79,9.44,10.4,7,2.81,1,yes
ME,163,area_code_415,no,yes,30,195.2,123,33.18,126.4,115,10.74,221.0,90,9.95,9.0,5,2.43,5,yes
LA,59,area_code_415,no,no,0,119.0,119,20.23,134.5,115,11.43,298.6,75,13.44,9.0,6,2.43,2,yes
WI,72,area_code_415,no,no,0,129.8,106,22.07,188.7,138,16.04,212.5,116,9.56,8.3,4,2.24,4,yes
SD,108,area_code_510,yes,no,0,275.9,84,46.9,203.0,91,17.26,211.4,108,9.51,6.7,4,1.81,2,yes
MS,120,area_code_415,no,no,0,112.6,80,19.14,124.4,86,10.57,234.9,88,10.57,8.1,3,2.19,6,yes
WV,78,area_code_408,no,no,0,226.3,88,38.47,306.2,81,26.03,200.9,120,9.04,7.8,11,2.11,1,yes
ID,69,area_code_510,yes,no,0,199.7,121,33.95,189.4,92,16.1,264.0,120,11.88,11.1,4,3.0,6,yes
RI,60,area_code_415,no,no,0,221.0,94,37.57,308.2,72,26.2,233.2,94,10.49,10.1,5,2.73,1,yes
VA,88,area_code_415,no,no,0,294.3,83,50.03,172.1,104,14.63,177.3,105,7.98,5.8,7,1.57,2,yes
OK,78,area_code_415,no,no,0,290.5,119,49.39,158.4,75,13.46,255.6,101,11.5,8.6,6,2.32,2,yes
TN,102,area_code_415,no,no,0,183.2,112,31.14,187.5,113,15.94,232.3,77,10.45,9.2,5,2.48,1,yes
FL,100,area_code_415,no,no,0,303.0,93,51.51,175.6,89,14.93,135.2,102,6.08,10.4,5,2.81,1,yes
NH,127,area_code_415,yes,no,0,324.3,107,55.13,141.6,90,12.04,207.6,90,9.34,12.8,7,3.46,1,yes
AR,49,area_code_408,yes,yes,32,176.9,118,30.07,227.0,121,19.3,204.4,115,9.2,15.1,3,4.08,3,yes
TN,89,area_code_415,no,no,0,208.4,112,35.43,189.5,116,16.11,264.4,101,11.9,16.8,1,4.54,0,yes
FL,113,area_code_415,no,no,0,317.1,97,53.91,224.8,70,19.11,215.1,90,9.68,13.6,2,3.67,1,yes
WV,166,area_code_408,no,yes,41,196.7,109,33.44,124.3,107,10.57,198.3,94,8.92,11.0,5,2.97,5,yes
GA,69,area_code_408,no,no,0,215.9,122,36.7,270.3,114,22.98,301.8,129,13.58,6.1,5,1.65,4,yes
AL,64,area_code_510,no,no,0,297.8,88,50.63,196.0,89,16.66,213.7,107,9.62,12.0,2,3.24,1,yes
MT,117,area_code_415,no,no,0,233.4,71,39.68,296.4,76,25.19,276.9,103,12.46,10.3,1,2.78,0,yes
IN,116,area_code_415,no,no,0,271.0,114,46.07,209.9,71,17.84,193.5,109,8.71,13.7,2,3.7,5,yes
OR,3,area_code_510,no,no,0,125.5,100,21.34,266.2,78,22.63,270.4,119,12.17,5.9,6,1.59,3,yes
FL,185,area_code_510,no,yes,24,121.6,100,20.67,108.3,77,9.21,206.3,98,9.28,12.3,2,3.32,5,yes
KS,92,area_code_510,no,no,0,325.4,73,55.32,127.8,100,10.86,209.9,98,9.45,9.3,10,2.51,1,yes
NJ,91,area_code_415,no,no,0,93.5,110,15.9,213.3,79,18.13,171.7,83,7.73,8.9,4,2.4,4,yes
MN,113,area_code_408,no,no,0,198.6,115,33.76,258.0,106,21.93,245.8,104,11.06,10.2,6,2.75,1,yes
DE,102,area_code_408,no,no,0,245.4,82,41.72,260.3,124,22.13,195.1,82,8.78,10.5,3,2.84,3,yes
UT,80,area_code_415,no,yes,33,189.4,109,32.2,148.7,68,12.64,208.9,119,9.4,11.2,4,3.02,1,yes
NV,109,area_code_408,no,yes,39,270.0,58,45.9,235.5,108,20.02,194.3,57,8.74,7.8,6,2.11,1,yes
TX,104,area_code_415,no,no,0,304.0,141,51.68,264.1,127,22.45,138.1,104,6.21,7.2,4,1.94,0,yes
KY,131,area_code_415,no,no,0,210.1,97,35.72,177.3,96,15.07,130.2,136,5.86,13.3,1,3.59,0,yes
MO,178,area_code_408,no,yes,32,148.7,95,25.28,198.6,55,16.88,187.0,113,8.41,10.4,7,2.81,6,yes
WV,136,area_code_510,no,no,0,240.1,121,40.82,271.2,123,23.05,132.7,98,5.97,17.2,4,4.64,0,yes
AR,90,area_code_408,no,no,0,235.0,77,39.95,267.3,94,22.72,222.1,119,9.99,5.3,4,1.43,3,yes
MT,63,area_code_415,no,no,0,162.5,86,27.63,165.4,112,14.06,163.7,67,7.37,13.4,6,3.62,4,yes
AK,152,area_code_510,no,no,0,302.8,143,51.48,189.8,69,16.13,214.9,114,9.67,10.9,4,2.94,2,yes
KY,155,area_code_510,yes,yes,38,234.6,84,39.88,214.9,119,18.27,196.7,69,8.85,8.0,2,2.16,1,yes
CT,68,area_code_510,yes,no,0,197.7,99,33.61,188.8,106,16.05,254.6,80,11.46,19.2,4,5.18,3,yes
OH,123,area_code_510,no,no,0,222.4,90,37.81,286.3,104,24.34,300.8,95,13.54,9.9,3,2.67,2,yes
IN,88,area_code_415,no,no,0,82.7,94,14.06,157.5,130,13.39,205.9,81,9.27,10.6,4,2.86,0,yes
NY,68,area_code_415,no,no,0,267.9,80,45.54,145.4,143,12.36,273.3,119,12.3,14.9,1,4.02,3,yes
MT,117,area_code_510,no,no,0,180.6,134,30.7,216.6,96,18.41,101.0,122,4.55,10.6,6,2.86,4,yes
WA,124,area_code_408,no,no,0,282.8,108,48.08,246.3,89,20.94,256.4,96,11.54,10.3,1,2.78,3,yes
MA,50,area_code_510,no,no,0,160.1,64,27.22,208.7,123,17.74,199.7,84,8.99,7.6,12,2.05,5,yes
DC,65,area_code_408,no,no,0,244.5,72,41.57,206.2,88,17.53,299.8,110,13.49,7.6,1,2.05,5,yes
ID,95,area_code_408,no,no,0,133.0,94,22.61,196.6,126,16.71,181.0,128,8.15,9.9,3,2.67,4,yes
WA,118,area_code_408,no,no,0,297.2,113,50.52,188.8,114,16.05,188.9,100,8.5,12.4,6,3.35,1,yes
ID,123,area_code_415,no,no,0,132.2,122,22.47,169.9,101,14.44,150.1,123,6.75,12.9,11,3.48,3,yes
NJ,112,area_code_408,no,no,0,351.5,95,59.76,206.8,108,17.58,275.8,146,12.41,11.9,4,3.21,1,yes
NJ,60,area_code_415,yes,no,0,97.2,91,16.52,243.7,93,20.71,235.0,116,10.58,10.1,2,2.73,1,yes
TN,175,area_code_408,yes,yes,35,159.5,95,27.12,140.7,100,11.96,176.3,99,7.93,5.4,4,1.46,5,yes
ND,117,area_code_415,yes,no,0,158.1,101,26.88,315.1,96,26.78,176.1,108,7.92,13.9,2,3.75,3,yes
NH,131,area_code_510,no,no,0,103.5,105,17.6,174.1,103,14.8,248.2,95,11.17,11.7,2,3.16,5,yes
WY,67,area_code_510,no,no,0,125.0,96,21.25,294.5,114,25.03,205.7,75,9.26,10.2,4,2.75,1,yes
ID,107,area_code_415,no,no,0,260.6,81,44.3,246.1,116,20.92,243.3,117,10.95,12.8,9,3.46,0,yes
DE,52,area_code_415,no,no,0,257.9,80,43.84,220.7,82,18.76,225.4,70,10.14,16.8,3,4.54,2,yes
IL,124,area_code_510,no,no,0,133.2,80,22.64,144.2,98,12.26,261.0,102,11.75,12.0,3,3.24,3,yes
LA,61,area_code_408,no,no,0,140.8,126,23.94,212.5,115,18.06,141.7,79,6.38,6.4,5,1.73,4,yes
NJ,77,area_code_408,yes,yes,34,209.9,79,35.68,226.1,88,19.22,101.8,103,4.58,11.4,2,3.08,2,yes
NJ,119,area_code_408,no,no,0,287.1,83,48.81,218.4,124,18.56,151.5,42,6.82,11.0,4,2.97,1,yes
OH,142,area_code_408,yes,no,0,160.6,101,27.3,202.0,125,17.17,221.7,100,9.98,8.8,2,2.38,1,yes
UT,139,area_code_510,no,no,0,258.7,94,43.98,190.3,132,16.18,247.2,73,11.12,11.4,2,3.08,1,yes
KY,110,area_code_408,no,no,0,244.7,84,41.6,106.4,95,9.04,194.9,61,8.77,10.5,1,2.84,2,yes
AR,32,area_code_415,yes,no,0,265.5,75,45.14,119.7,77,10.17,169.9,128,7.65,14.8,6,4.0,2,yes
UT,101,area_code_415,no,no,0,332.1,91,56.46,151.0,123,12.84,277.8,99,12.5,11.3,3,3.05,1,yes
MA,150,area_code_408,no,no,0,150.9,92,25.65,191.0,106,16.24,223.6,107,10.06,8.3,4,2.24,5,yes
OK,94,area_code_415,no,no,0,255.1,96,43.37,276.9,67,23.54,226.5,74,10.19,10.6,2,2.86,0,yes
KS,74,area_code_408,no,no,0,286.9,113,48.77,260.8,121,22.17,137.1,94,6.17,12.6,6,3.4,0,yes
AL,76,area_code_415,no,no,0,222.0,99,37.74,215.9,122,18.35,204.1,131,9.18,8.2,5,2.21,3,yes
MN,161,area_code_408,no,no,0,252.3,120,42.89,243.8,98,20.72,284.4,96,12.8,9.2,2,2.48,1,yes
WV,116,area_code_415,no,no,0,255.5,93,43.44,224.4,122,19.07,317.3,85,14.28,12.7,4,3.43,1,yes
VT,106,area_code_510,yes,no,0,196.7,100,33.44,210.2,109,17.87,173.8,83,7.82,7.8,1,2.11,4,yes
OR,174,area_code_415,no,no,0,222.3,102,37.79,173.8,123,14.77,297.2,97,13.37,5.7,2,1.54,0,yes
NY,98,area_code_510,no,no,0,198.6,92,33.76,349.4,99,29.7,221.7,83,9.98,7.3,6,1.97,2,yes
AK,36,area_code_415,yes,yes,19,171.9,96,29.22,198.4,111,16.86,321.7,76,14.48,10.5,1,2.84,1,yes
HI,87,area_code_510,no,no,0,297.4,63,50.56,118.4,108,10.06,242.3,72,10.9,11.0,2,2.97,2,yes
TX,125,area_code_415,no,no,0,190.2,107,32.33,209.2,75,17.78,102.1,136,4.59,14.2,5,3.83,4,yes
AZ,102,area_code_510,no,no,0,171.6,116,29.17,219.4,111,18.65,242.1,85,10.89,12.1,4,3.27,0,yes
TN,78,area_code_415,yes,no,0,71.5,126,12.16,166.8,127,14.18,211.6,86,9.52,8.3,2,2.24,3,yes
CO,141,area_code_408,no,no,0,264.3,90,44.93,216.4,101,18.39,208.8,72,9.4,9.6,3,2.59,0,yes
DC,150,area_code_510,yes,no,0,114.8,156,19.52,135.3,78,11.5,218.4,98,9.83,15.6,4,4.21,1,yes
FL,91,area_code_415,no,no,0,153.2,70,26.04,231.7,91,19.69,115.1,80,5.18,9.8,3,2.65,4,yes
UT,67,area_code_510,no,no,0,225.9,78,38.4,243.1,83,20.66,84.1,94,3.78,13.5,2,3.65,2,yes
OK,103,area_code_510,no,no,0,267.0,97,45.39,204.3,151,17.37,246.9,67,11.11,11.3,7,3.05,1,yes
WA,65,area_code_510,no,no,0,183.4,63,31.18,183.6,80,15.61,153.5,83,6.91,10.7,4,2.89,4,yes
MO,86,area_code_510,no,no,0,223.0,109,37.91,286.2,76,24.33,257.8,132,11.6,7.5,7,2.03,3,yes
OK,103,area_code_415,no,no,0,278.4,121,47.33,252.2,139,21.44,202.3,96,9.1,13.7,1,3.7,1,yes
AZ,155,area_code_415,yes,no,0,176.1,88,29.94,244.5,84,20.78,189.9,99,8.55,11.2,1,3.02,2,yes
NV,104,area_code_415,no,no,0,210.9,90,35.85,272.2,101,23.14,304.3,86,13.69,10.6,5,2.86,3,yes
TN,45,area_code_415,yes,no,0,189.6,96,32.23,171.7,69,14.59,222.0,102,9.99,13.9,7,3.75,1,yes
ME,173,area_code_408,no,no,0,128.6,108,21.86,248.3,92,21.11,130.1,115,5.85,10.4,2,2.81,4,yes
OH,49,area_code_408,no,no,0,202.3,105,34.39,195.4,131,16.61,190.1,88,8.55,9.0,2,2.43,3,yes
MT,64,area_code_415,no,no,0,131.3,105,22.32,109.4,114,9.3,246.2,125,11.08,12.7,4,3.43,4,yes
SC,105,area_code_408,yes,no,0,274.0,156,46.58,263.0,69,22.36,195.9,93,8.82,11.3,3,3.05,3,yes
WV,176,area_code_510,no,no,0,304.2,111,51.71,306.6,64,26.06,207.9,98,9.36,9.5,2,2.57,7,yes
IL,108,area_code_510,yes,no,0,137.3,68,23.34,143.8,94,12.22,238.7,101,10.74,8.9,1,2.4,1,yes
ME,81,area_code_415,yes,no,0,220.4,76,37.47,276.4,122,23.49,239.5,112,10.78,11.4,5,3.08,1,yes
MN,128,area_code_510,yes,no,0,192.8,96,32.78,136.6,86,11.61,151.8,75,6.83,13.5,4,3.65,1,yes
KY,76,area_code_510,no,no,0,293.8,94,49.95,169.6,62,14.42,160.4,103,7.22,13.7,9,3.7,0,yes
DC,78,area_code_415,yes,no,0,176.6,107,30.02,179.4,98,15.25,178.2,80,8.02,16.6,5,4.48,2,yes
OK,33,area_code_415,yes,no,0,247.1,114,42.01,146.5,110,12.45,208.9,94,9.4,10.6,2,2.86,4,yes
TX,109,area_code_510,yes,no,0,159.6,136,27.13,151.0,126,12.84,142.1,53,6.39,7.3,4,1.97,4,yes
IN,168,area_code_415,no,no,0,160.6,110,27.3,185.2,120,15.74,120.2,104,5.41,9.1,4,2.46,1,yes
NY,138,area_code_415,yes,no,0,261.1,96,44.39,170.9,120,14.53,71.1,89,3.2,0.0,0,0.0,3,yes
DC,149,area_code_415,no,yes,25,185.6,109,31.55,167.3,89,14.22,171.6,100,7.72,10.7,3,2.89,1,yes
DE,140,area_code_415,no,no,0,143.0,100,24.31,193.4,89,16.44,59.5,81,2.68,12.3,8,3.32,4,yes
OK,88,area_code_408,yes,no,0,132.9,132,22.59,208.2,82,17.7,260.5,42,11.72,14.4,11,3.89,2,yes
OH,95,area_code_510,no,yes,24,129.4,120,22.0,159.8,68,13.58,214.4,83,9.65,12.6,4,3.4,4,yes
KS,116,area_code_408,yes,no,0,232.2,98,39.47,244.7,91,20.8,151.3,69,6.81,10.6,1,2.86,7,yes
VT,100,area_code_510,no,no,0,254.2,97,43.21,262.0,88,22.27,256.3,82,11.53,13.6,6,3.67,0,yes
OR,101,area_code_415,yes,no,0,169.5,117,28.82,212.0,111,18.02,204.0,120,9.18,9.7,1,2.62,0,yes
MD,116,area_code_408,no,no,0,254.6,107,43.28,249.4,89,21.2,229.6,77,10.33,9.0,18,2.43,2,yes
KS,70,area_code_415,no,no,0,325.5,128,55.34,300.3,105,25.53,199.8,93,8.99,5.7,7,1.54,1,yes
MD,103,area_code_415,yes,no,0,133.2,90,22.64,236.8,70,20.13,214.1,120,9.63,12.5,2,3.38,1,yes
IA,157,area_code_415,no,no,0,248.7,113,42.28,251.8,79,21.4,262.7,46,11.82,7.5,3,2.03,5,yes
NM,136,area_code_408,no,no,0,276.3,94,46.97,226.0,125,19.21,221.4,87,9.96,7.2,1,1.94,1,yes
CT,60,area_code_415,yes,yes,45,135.6,101,23.05,94.9,73,8.07,154.0,118,6.93,9.8,3,2.65,4,yes
CA,86,area_code_415,no,no,0,234.6,102,39.88,268.3,109,22.81,195.6,102,8.8,11.6,4,3.13,1,yes
IA,121,area_code_415,no,no,0,273.8,96,46.55,263.1,106,22.36,201.5,83,9.07,10.8,3,2.92,1,yes
OR,100,area_code_415,no,yes,31,67.7,67,11.51,147.1,116,12.5,288.3,103,12.97,12.3,2,3.32,6,yes
NM,42,area_code_415,no,no,0,137.9,160,23.44,234.9,107,19.97,166.6,70,7.5,14.3,3,3.86,5,yes
NJ,124,area_code_415,no,no,0,108.2,92,18.39,214.3,83,18.22,185.5,155,8.35,13.2,11,3.56,4,yes
MD,80,area_code_510,yes,no,0,275.4,89,46.82,186.7,66,15.87,201.3,87,9.06,9.4,2,2.54,0,yes
WV,131,area_code_510,no,no,0,256.6,96,43.62,225.2,113,19.14,190.2,91,8.56,11.1,3,3.0,1,yes
SD,72,area_code_415,no,yes,38,84.3,116,14.33,267.2,127,22.71,167.7,75,7.55,8.3,6,2.24,4,yes
OR,65,area_code_408,yes,no,0,54.8,74,9.32,239.8,93,20.38,214.4,91,9.65,13.4,5,3.62,1,yes
MT,127,area_code_408,no,no,0,271.2,110,46.1,213.5,80,18.15,201.8,102,9.08,13.2,4,3.56,0,yes
MN,178,area_code_510,no,no,0,225.4,104,38.32,110.7,90,9.41,134.1,109,6.03,15.3,5,4.13,2,yes
AR,41,area_code_415,no,no,0,102.9,114,17.49,107.9,119,9.17,277.6,99,12.49,11.0,4,2.97,6,yes
MO,38,area_code_510,no,no,0,281.1,113,47.79,236.1,82,20.07,230.1,60,10.35,10.9,3,2.94,1,yes
CT,110,area_code_415,no,no,0,251.3,91,42.72,207.2,95,17.61,249.0,70,11.21,12.9,2,3.48,1,yes
TN,114,area_code_415,yes,no,0,200.7,72,34.12,271.2,79,23.05,188.2,97,8.47,13.4,7,3.62,2,yes
NM,89,area_code_408,no,no,0,269.8,94,45.87,227.0,125,19.3,212.2,135,9.55,4.7,6,1.27,1,yes
IN,91,area_code_415,no,no,0,289.3,73,49.18,179.8,86,15.28,186.7,94,8.4,6.4,7,1.73,1,yes
IA,200,area_code_415,yes,yes,29,92.2,95,15.67,200.0,101,17.0,119.1,99,5.36,5.7,1,1.54,1,yes
WA,143,area_code_415,no,no,0,211.4,94,35.94,184.5,89,15.68,243.2,108,10.94,5.5,5,1.49,1,yes
MA,97,area_code_510,yes,no,0,272.8,60,46.38,216.5,113,18.4,245.1,67,11.03,6.1,8,1.65,5,yes
MA,98,area_code_415,no,no,0,182.6,76,31.04,145.2,75,12.34,162.6,127,7.32,12.0,1,3.24,6,yes
AL,166,area_code_415,yes,no,0,191.3,120,32.52,167.3,88,14.22,162.9,110,7.33,10.2,2,2.75,2,yes
MT,21,area_code_415,no,no,0,254.3,87,43.23,215.5,95,18.32,236.3,98,10.63,11.6,5,3.13,1,yes
MD,137,area_code_510,no,no,0,111.8,106,19.01,281.9,89,23.96,233.0,93,10.49,11.5,4,3.11,4,yes
ID,43,area_code_415,no,no,0,253.6,110,43.11,253.3,92,21.53,161.3,103,7.26,10.2,3,2.75,3,yes
MI,62,area_code_408,no,no,0,119.3,94,20.28,224.0,81,19.04,156.7,78,7.05,12.1,6,3.27,5,yes
MT,84,area_code_415,no,yes,25,113.9,90,19.36,257.0,99,21.85,214.5,98,9.65,12.9,8,3.48,4,yes
KY,78,area_code_415,no,no,0,254.1,112,43.2,215.9,80,18.35,267.1,124,12.02,16.3,3,4.4,0,yes
NY,102,area_code_408,no,yes,48,134.0,83,22.78,234.3,128,19.92,197.3,107,8.88,7.8,4,2.11,6,yes
NY,98,area_code_408,no,no,0,136.9,120,23.27,180.6,84,15.35,172.9,94,7.78,11.9,4,3.21,4,yes
TN,222,area_code_415,no,no,0,256.6,119,43.62,230.8,98,19.62,236.0,97,10.62,12.2,5,3.29,1,yes
AL,91,area_code_415,no,no,0,271.9,106,46.22,231.9,116,19.71,247.0,110,11.12,9.3,3,2.51,1,yes
IA,83,area_code_408,yes,no,0,197.6,105,33.59,177.5,96,15.09,126.8,100,5.71,9.2,1,2.48,3,yes
NJ,172,area_code_510,no,no,0,290.5,123,49.39,253.0,77,21.51,159.3,96,7.17,11.3,5,3.05,2,yes
DE,115,area_code_415,no,no,0,275.5,76,46.84,225.8,82,19.19,327.3,87,14.73,4.8,2,1.3,3,yes
CO,74,area_code_415,yes,no,0,267.5,134,45.48,242.5,110,20.61,223.0,108,10.04,8.3,4,2.24,3,yes
AL,26,area_code_408,no,no,0,290.1,143,49.32,245.7,97,20.88,147.0,80,6.61,7.4,4,2.0,2,yes
CT,25,area_code_510,no,no,0,144.1,111,24.5,224.8,89,19.11,132.9,110,5.98,13.6,3,3.67,4,yes
MS,132,area_code_415,yes,no,0,144.3,70,24.53,231.5,125,19.68,304.3,137,13.69,7.0,2,1.89,1,yes
WY,141,area_code_408,no,no,0,301.4,87,51.24,269.2,111,22.88,148.6,95,6.69,14.4,5,3.89,0,yes
ND,38,area_code_415,yes,no,0,211.6,87,35.97,106.9,68,9.09,239.2,99,10.76,14.1,11,3.81,0,yes
NJ,77,area_code_415,yes,no,0,323.7,106,55.03,139.2,99,11.83,204.4,89,9.2,8.5,3,2.3,6,yes
TX,65,area_code_415,no,no,0,143.6,98,24.41,187.7,96,15.95,200.2,104,9.01,9.3,2,2.51,3,yes
OK,110,area_code_510,no,no,0,281.2,78,47.8,302.3,89,25.7,188.4,92,8.48,8.5,4,2.3,0,yes
WA,62,area_code_415,yes,no,0,180.9,121,30.75,134.3,107,11.42,179.3,74,8.07,8.6,2,2.32,2,yes
MN,30,area_code_408,no,no,0,112.9,81,19.19,224.8,68,19.11,188.4,122,8.48,11.3,7,3.05,4,yes
OR,132,area_code_510,no,no,0,265.8,122,45.19,285.1,90,24.23,183.6,124,8.26,13.6,9,3.67,2,yes
NH,114,area_code_510,yes,yes,28,136.4,93,23.19,170.0,90,14.45,191.5,73,8.62,14.6,4,3.94,2,yes
ME,90,area_code_415,no,no,0,104.0,104,17.68,170.9,106,14.53,158.8,99,7.15,8.7,5,2.35,4,yes
NM,137,area_code_408,yes,no,0,312.4,110,53.11,231.1,73,19.64,120.1,78,5.4,10.6,2,2.86,1,yes
ND,140,area_code_510,no,no,0,244.7,115,41.6,258.6,101,21.98,231.3,112,10.41,7.5,6,2.03,1,yes
AZ,97,area_code_510,no,no,0,252.6,89,42.94,340.3,91,28.93,256.5,67,11.54,8.8,5,2.38,1,yes
